{"count":1,"gauges":{},"self":119.0632064,"total":132.904496,"children":{"AgentResetIfDone":{"count":6560,"self":0.187354,"total":0.187354,"children":null},"AgentSendState":{"count":6560,"self":1.0722909999999999,"total":3.0244999999999997,"children":{"CollectObservations":{"count":32800,"self":1.9522089999999999,"total":1.9522089999999999,"children":null}}},"DecideAction":{"count":6560,"self":10.275692,"total":10.275692,"children":null},"AcademyStep":{"count":6560,"self":0.075615,"total":0.075615,"children":null},"AgentAct":{"count":6560,"self":0.277053,"total":0.277053,"children":null}}}