{"count":1,"gauges":{},"self":70.1929408,"total":77.501102,"children":{"AgentResetIfDone":{"count":3772,"self":0.13594399999999998,"total":0.13594399999999998,"children":null},"AgentSendState":{"count":3772,"self":0.30007,"total":0.57511499999999993,"children":{"CollectObservations":{"count":3772,"self":0.275045,"total":0.275045,"children":null}}},"DecideAction":{"count":3772,"self":6.4195519999999995,"total":6.4195519999999995,"children":null},"AcademyStep":{"count":3772,"self":0.051718,"total":0.051718,"children":null},"AgentAct":{"count":3772,"self":0.124775,"total":0.124775,"children":null}}}