{"count":1,"gauges":{},"self":234.859008,"total":235.55537999999999,"children":{"AgentResetIfDone":{"count":5902,"self":0.27102899999999996,"total":0.27102899999999996,"children":null},"AgentSendState":{"count":5902,"self":0.113164,"total":0.113164,"children":null},"DecideAction":{"count":5902,"self":0.104263,"total":0.104263,"children":null},"AcademyStep":{"count":5902,"self":0.10384099999999999,"total":0.10384099999999999,"children":null},"AgentAct":{"count":5902,"self":0.10399599999999999,"total":0.10399599999999999,"children":null}}}